site,note
09288900,one or more required data frames have zero rows
09306022,one or more required data frames have zero rows
08399500,one or more required data frames have zero rows
07122400,one or more required data frames have zero rows
06230190,one or more required data frames have zero rows
06274300,one or more required data frames have zero rows
09307300,one or more required data frames have zero rows
08330600,one or more required data frames have zero rows
10254050,one or more required data frames have zero rows
09481000,one or more required data frames have zero rows
06284800,one or more required data frames have zero rows
06265337,one or more required data frames have zero rows
09362550,one or more required data frames have zero rows
09395350,one or more required data frames have zero rows
13075100,one or more required data frames have zero rows
13077700,one or more required data frames have zero rows
06279500,one or more required data frames have zero rows
07126325,one or more required data frames have zero rows
09327000,one or more required data frames have zero rows
08407500,In index: 1.
09314280,one or more required data frames have zero rows
09366500,one or more required data frames have zero rows
06708800,one or more required data frames have zero rows
10265160,one or more required data frames have zero rows
10249300,one or more required data frames have zero rows
07110400,In index: 8.
13038380,one or more required data frames have zero rows
10302002,one or more required data frames have zero rows
09357255,one or more required data frames have zero rows
09250507,one or more required data frames have zero rows
08406500,In index: 1.
06309200,one or more required data frames have zero rows
10255550,one or more required data frames have zero rows
09419648,one or more required data frames have zero rows
09401260,one or more required data frames have zero rows
13094700,one or more required data frames have zero rows
09530000,one or more required data frames have zero rows
383926107593001,one or more required data frames have zero rows
09400562,one or more required data frames have zero rows
09371492,one or more required data frames have zero rows
08330505,one or more required data frames have zero rows
11447360,one or more required data frames have zero rows
13183000,In index: 1.
09419625,one or more required data frames have zero rows
09371002,one or more required data frames have zero rows
09402300,In index: 1.
08402000,In index: 1.
09402000,In index: 1.
09512970,one or more required data frames have zero rows
10245970,one or more required data frames have zero rows
07103985,one or more required data frames have zero rows
08349800,one or more required data frames have zero rows
10167170,one or more required data frames have zero rows
10244745,one or more required data frames have zero rows
10325000,one or more required data frames have zero rows
08329900,one or more required data frames have zero rows
09363100,one or more required data frames have zero rows
09408500,one or more required data frames have zero rows
13184000,In index: 1.
09152520,one or more required data frames have zero rows
10353800,one or more required data frames have zero rows
11262900,one or more required data frames have zero rows
102512533,one or more required data frames have zero rows
09306242,one or more required data frames have zero rows
10172870,one or more required data frames have zero rows
10325500,one or more required data frames have zero rows
11039600,one or more required data frames have zero rows
10244950,one or more required data frames have zero rows
08405450,one or more required data frames have zero rows
09153300,one or more required data frames have zero rows
07103965,one or more required data frames have zero rows
06708750,one or more required data frames have zero rows
10172952,one or more required data frames have zero rows
10243260,one or more required data frames have zero rows
10289000,one or more required data frames have zero rows
06284500,one or more required data frames have zero rows
13206305,one or more required data frames have zero rows
13090370,one or more required data frames have zero rows
13073000,one or more required data frames have zero rows
09386900,one or more required data frames have zero rows
09395390,one or more required data frames have zero rows
13210980,one or more required data frames have zero rows
06268500,one or more required data frames have zero rows
13177985,one or more required data frames have zero rows
09306007,one or more required data frames have zero rows
09183000,one or more required data frames have zero rows
11274560,one or more required data frames have zero rows
09400568,one or more required data frames have zero rows
13095050,one or more required data frames have zero rows
09371400,one or more required data frames have zero rows
13075500,one or more required data frames have zero rows
13056600,one or more required data frames have zero rows
13093550,one or more required data frames have zero rows
09367680,one or more required data frames have zero rows
10172875,one or more required data frames have zero rows
10333000,In index: 1.
09401110,one or more required data frames have zero rows
09415910,one or more required data frames have zero rows
09395630,one or more required data frames have zero rows
09357245,one or more required data frames have zero rows
10254970,one or more required data frames have zero rows
09403600,one or more required data frames have zero rows
13057090,one or more required data frames have zero rows
09419700,one or more required data frames have zero rows
10251248,one or more required data frames have zero rows
09106200,one or more required data frames have zero rows
08407000,In index: 1.
10249900,one or more required data frames have zero rows
09512162,one or more required data frames have zero rows
09395381,one or more required data frames have zero rows
08404000,In index: 1.
09400350,In index: 1.
10245445,one or more required data frames have zero rows
10322555,one or more required data frames have zero rows
09367536,one or more required data frames have zero rows
383946107595301,one or more required data frames have zero rows
09402450,one or more required data frames have zero rows
09306042,one or more required data frames have zero rows
10242300,one or more required data frames have zero rows
09415900,one or more required data frames have zero rows
13075981,one or more required data frames have zero rows
09306235,one or more required data frames have zero rows
09153290,one or more required data frames have zero rows
08317200,one or more required data frames have zero rows
10289500,one or more required data frames have zero rows
08082000,one or more required data frames have zero rows
09448500,one or more required data frames have zero rows
08405200,In index: 1.
09401000,In index: 1.
06268600,In index: 1.
10327500,In index: 1.
09217000,In index: 1.
09474000,In index: 1.
10335000,In index: 1.
10336000,In index: 1.
09234500,In index: 1.
06259000,In index: 23.
09502000,In index: 50.
09466500,In index: 5.
